<?xml version="1.0" encoding="UTF-8"?>
<project-private xmlns="http://www.netbeans.org/ns/project-private/1">
    <editor-bookmarks xmlns="http://www.netbeans.org/ns/editor-bookmarks/2" lastBookmarkId="0"/>
    <open-files xmlns="http://www.netbeans.org/ns/projectui-open-files/2">
        <group>
            <file>file:/C:/Users/Notandi/Documents/NetBeansProjects/Verkefni5/src/is/hi/hbv201g/vinnsla/TonlistarKatalogur.java</file>
            <file>file:/C:/Users/Notandi/Documents/NetBeansProjects/Verkefni5/src/is/hi/hbv201g/vidmot/SkraLag.java</file>
            <file>file:/C:/Users/Notandi/Documents/NetBeansProjects/Verkefni5/src/is/hi/hbv201g/vinnsla/LagaListiModel.java</file>
            <file>file:/C:/Users/Notandi/Documents/NetBeansProjects/Verkefni5/src/is/hi/hbv201g/styring/StyringListi.java</file>
            <file>file:/C:/Users/Notandi/Documents/NetBeansProjects/Verkefni5/src/is/hi/hbv201g/vidmot/AdalTorg.java</file>
        </group>
    </open-files>
</project-private>
