<?xml version="1.0" encoding="utf-8"?>
<!--
To change this license header, choose License Headers in Project Properties.
To change this template file, choose Tools | Templates
and open the template in the editor.
-->
<lagaListi
    xmlns:xsi='http://www.w3.org/2001/XMLSchema-instance'
    xsi:noNamespaceSchemaLocation='TonlistSchema.xsd'>
    <lag>
        <titill>Rhapsody in blue</titill>
        <flytjandi>Leonard Bernstein and the New York Philharmonic</flytjandi>
        <hofundur>George Gershwin</hofundur>
        <flokkur heiti="Jazz"></flokkur>
        <undirflokkur heiti="Orchestral"></undirflokkur>
    </lag>
    <lag>
        <titill>The five floor goodbye</titill>
        <flytjandi>John Robert Matz, Ryan Ike og Francisco Cerda</flytjandi>
        <hofundur>John Robert Matz, Ryan Ike og Francisco Cerda</hofundur>
        <flokkur heiti="Jazz"></flokkur>
        <undirflokkur heiti="Cool Jazz"></undirflokkur>
    </lag>
    <lag>
        <titill>Shovel Knight Original Soundtrack - 01 Main Theme</titill>
        <flytjandi>Jake Kaufman</flytjandi>
        <hofundur>Jake Kaufman</hofundur>
        <flokkur heiti="Electronic"></flokkur>
        <undirflokkur heiti="8-bit"></undirflokkur>
    </lag>
    <lag>
        <titill>Them Changes</titill>
        <flytjandi>Thundercat</flytjandi>
        <hofundur>Thundercat</hofundur>
        <flokkur heiti="Jazz Fusion"></flokkur>
        <undirflokkur heiti="Electronic"></undirflokkur>
    </lag>
    <lag>
        <titill>Straws Pulled at Random</titill>
        <flytjandi>Meshuggah</flytjandi>
        <hofundur>Meshuggah</hofundur>
        <flokkur heiti="Metal"></flokkur>
        <undirflokkur heiti="Extreme metal"></undirflokkur>
    </lag>
    <lag>
        <titill>Moonrise (feat. AZEDIA)</titill>
        <flytjandi>Keeno/AZEDIA</flytjandi>
        <hofundur>Keeno</hofundur>
        <flokkur heiti="Electronic"></flokkur>
        <undirflokkur heiti="Drum And Bass"></undirflokkur>
    </lag>
    <lag>
        <titill>Dreaming</titill>
        <flytjandi>System of a Down</flytjandi>
        <hofundur>System of a Down</hofundur>
        <flokkur heiti="Metal"></flokkur>
        <undirflokkur heiti="Alternative Thrash Metal"></undirflokkur>
    </lag>
    <lag>
        <titill>London, We Have You Surrounded</titill>
        <flytjandi>Perc</flytjandi>
        <hofundur>Perc</hofundur>
        <flokkur heiti="Techno"></flokkur>
        <undirflokkur heiti="Industrial"></undirflokkur>
    </lag>
    <lag>
        <titill>There, there</titill>
        <flytjandi>Radiohead</flytjandi>
        <hofundur>Radiohead</hofundur>
        <flokkur heiti="Rock"></flokkur>
        <undirflokkur heiti="Alternative"></undirflokkur>
    </lag>
    <lag>
        <titill>Super Going</titill>
        <flytjandi>Boredoms</flytjandi>
        <hofundur>Boredoms</hofundur>
        <flokkur heiti="Noise"></flokkur>
        <undirflokkur heiti="Japanese Noise"></undirflokkur>
    </lag>
    <yFl>
        <fl heiti="Jazz"></fl>
        <uFl>
            <fl heiti="Cool Jazz"></fl>
        </uFl>
        <uFl>
            <fl heiti="Orchestral"></fl>
        </uFl>
    </yFl>
    <yFl>
        <fl heiti="Jazz Fusion"></fl>
        <uFl>
            <fl heiti="Electronic"></fl>
        </uFl>
    </yFl>
    <yFl>
        <fl heiti="Metal"></fl>
        <uFl>
            <fl heiti="Extreme metal"></fl>
        </uFl>
        <uFl>
            <fl heiti="Alternative Thrash Metal"></fl>
        </uFl>
    </yFl>
    <yFl>
        <fl heiti="Electronic"></fl>
        <uFl>
            <fl heiti="8-bit"></fl>
        </uFl>
        <uFl>
            <fl heiti="Drum And Bass"></fl>
        </uFl>
    </yFl>
    <yFl>
        <fl heiti="Techno"></fl>
        <uFl>
            <fl heiti="Industrial"></fl>
        </uFl>
    </yFl>
    <yFl>
        <fl heiti="Rock"></fl>
        <uFl>
            <fl heiti="Alternative"></fl>
        </uFl>
    </yFl>
     <yFl>
        <fl heiti="Noise"></fl>
        <uFl>
            <fl heiti="Japanese Noise"></fl>
        </uFl>
    </yFl>
</lagaListi>
