<?xml version="1.0" encoding="UTF-8"?>
<project-private xmlns="http://www.netbeans.org/ns/project-private/1">
    <editor-bookmarks xmlns="http://www.netbeans.org/ns/editor-bookmarks/2" lastBookmarkId="0"/>
    <open-files xmlns="http://www.netbeans.org/ns/projectui-open-files/2">
        <group>
            <file>file:/C:/Users/Notandi/Documents/NetBeansProjects/FlightSearchEngine/test/Controller/Booking_controllerTest.java</file>
            <file>file:/C:/Users/Notandi/Documents/NetBeansProjects/FlightSearchEngine/src/Controller/Booking_controller.java</file>
            <file>file:/C:/Users/Notandi/Documents/NetBeansProjects/FlightSearchEngine/src/FSE/view/searchResults.java</file>
            <file>file:/C:/Users/Notandi/Documents/NetBeansProjects/FlightSearchEngine/src/FSE/view/bookingWindow.java</file>
            <file>file:/C:/Users/Notandi/Documents/NetBeansProjects/FlightSearchEngine/src/FSE/model/Booking.java</file>
            <file>file:/C:/Users/Notandi/Documents/NetBeansProjects/FlightSearchEngine/src/FSE/view/infoWindow.java</file>
            <file>file:/C:/Users/Notandi/Documents/NetBeansProjects/FlightSearchEngine/src/FSE/view/FrontPage.java</file>
            <file>file:/C:/Users/Notandi/Documents/NetBeansProjects/FlightSearchEngine/src/FSE/view/luggageCustomization.java</file>
        </group>
    </open-files>
</project-private>
